data_venda,id_venda,id_loja,id_vendedor,id_modelo,id_fabricante
2023-01-01,1,4,4,10,1
2023-01-01,2,1,6,4,1
2023-01-02,3,2,8,9,2
2023-01-02,4,4,4,7,4
2023-01-02,5,2,6,4,1
2023-01-03,6,4,4,3,7
2023-01-03,7,3,6,3,7
2023-01-03,8,4,6,3,7
2023-01-03,9,4,2,4,1
2023-01-04,10,1,6,9,2
2023-01-04,11,1,2,1,1
2023-01-05,12,4,7,1,1
2023-01-05,13,3,2,6,5
2023-01-05,14,4,2,9,2
2023-01-05,15,2,6,8,3
2023-01-06,16,2,6,4,1
2023-01-06,17,4,2,2,6
2023-01-06,18,1,6,4,1
2023-01-06,19,4,4,3,7
2023-01-07,20,2,7,5,6
2023-01-07,21,2,2,6,5
2023-01-07,22,4,3,9,2
2023-01-08,23,1,1,5,6
2023-01-08,24,4,4,4,1
2023-01-08,25,3,4,5,6
2023-01-09,26,3,3,8,3
2023-01-09,27,1,5,8,3
2023-01-10,28,2,7,3,7
2023-01-10,29,3,8,4,1
2023-01-10,30,2,7,4,1
2023-01-11,31,3,8,6,5
2023-01-11,32,2,1,10,1
2023-01-11,33,2,2,10,1
2023-01-11,34,1,7,6,5
2023-01-12,35,3,1,5,6
2023-01-12,36,4,3,8,3
2023-01-12,37,4,5,1,1
2023-01-13,38,4,8,1,1
2023-01-13,39,4,4,10,1
2023-01-14,40,4,1,5,6
2023-01-14,41,1,8,9,2
2023-01-14,42,3,8,2,6
2023-01-15,43,1,5,3,7
2023-01-15,44,3,8,10,1
2023-01-15,45,3,5,3,7
2023-01-16,46,4,6,8,3
2023-01-16,47,2,8,2,6
2023-01-16,48,4,1,6,5
2023-01-17,49,2,6,9,2
2023-01-17,50,1,7,9,2
2023-01-17,51,3,5,4,1
2023-01-17,52,1,7,7,4
2023-01-18,53,3,4,9,2
2023-01-18,54,4,5,8,3
2023-01-19,55,2,6,3,7
2023-01-19,56,2,3,9,2
2023-01-19,57,2,3,5,6
2023-01-19,58,1,8,2,6
2023-01-20,59,4,8,8,3
2023-01-20,60,4,1,8,3
2023-01-20,61,3,8,8,3
2023-01-21,62,2,4,2,6
2023-01-21,63,4,5,2,6
2023-01-22,64,1,2,3,7
2023-01-22,65,3,4,2,6
2023-01-23,66,3,5,9,2
2023-01-23,67,2,1,2,6
2023-01-24,68,4,5,1,1
2023-01-24,69,1,5,4,1
2023-01-25,70,2,7,10,1
2023-01-25,71,1,5,6,5
2023-01-26,72,4,6,6,5
2023-01-26,73,1,4,7,4
2023-01-26,74,3,2,5,6
2023-01-26,75,3,4,1,1
2023-01-27,76,3,7,10,1
2023-01-27,77,3,5,7,4
2023-01-27,78,3,1,7,4
2023-01-28,79,4,1,6,5
2023-01-28,80,1,2,7,4
2023-01-29,81,1,6,1,1
2023-01-29,82,2,6,8,3
2023-01-29,83,4,8,4,1
2023-01-29,84,4,3,2,6
2023-01-30,85,4,4,10,1
2023-01-30,86,1,3,1,1
2023-01-30,87,3,7,10,1
2023-01-30,88,2,1,6,5
2023-01-31,89,1,6,9,2
2023-01-31,90,1,8,4,1
2023-01-31,91,1,1,2,6
2023-01-31,92,3,6,8,3
2023-02-01,93,3,8,6,5
2023-02-01,94,1,3,5,6
2023-02-02,95,1,6,4,1
2023-02-02,96,4,6,9,2
2023-02-03,97,4,6,8,3
2023-02-03,98,3,3,4,1
2023-02-04,99,2,5,8,3
2023-02-04,100,1,1,4,1
2023-02-05,101,4,5,5,6
2023-02-05,102,2,3,9,2
2023-02-05,103,4,3,1,1
2023-02-06,104,4,5,7,4
2023-02-06,105,2,8,3,7
2023-02-06,106,2,3,5,6
2023-02-07,107,1,4,5,6
2023-02-07,108,3,7,7,4
2023-02-07,109,4,2,9,2
2023-02-08,110,3,3,7,4
2023-02-08,111,3,2,3,7
2023-02-09,112,2,2,2,6
2023-02-09,113,3,5,9,2
2023-02-10,114,2,2,4,1
2023-02-10,115,4,7,8,3
2023-02-11,116,4,4,10,1
2023-02-11,117,4,5,3,7
2023-02-11,118,2,1,8,3
2023-02-11,119,4,6,1,1
2023-02-12,120,3,6,8,3
2023-02-12,121,3,7,6,5
2023-02-13,122,2,3,5,6
2023-02-13,123,3,8,1,1
2023-02-13,124,2,2,2,6
2023-02-13,125,4,4,3,7
2023-02-14,126,1,6,5,6
2023-02-14,127,3,4,8,3
2023-02-15,128,4,3,2,6
2023-02-15,129,2,3,8,3
2023-02-15,130,1,6,5,6
2023-02-15,131,4,2,10,1
2023-02-16,132,4,7,1,1
2023-02-16,133,3,7,2,6
2023-02-17,134,2,7,2,6
2023-02-17,135,3,5,9,2
2023-02-18,136,1,8,3,7
2023-02-18,137,3,5,2,6
2023-02-19,138,3,3,2,6
2023-02-19,139,2,5,8,3
2023-02-19,140,1,5,1,1
2023-02-20,141,1,5,10,1
2023-02-20,142,3,8,8,3
2023-02-20,143,4,4,1,1
2023-02-20,144,4,5,9,2
2023-02-21,145,2,1,2,6
2023-02-21,146,1,5,5,6
2023-02-21,147,1,3,7,4
2023-02-22,148,2,7,2,6
2023-02-22,149,4,6,5,6
2023-02-22,150,3,3,4,1
2023-02-23,151,4,3,3,7
2023-02-23,152,2,3,1,1
2023-02-23,153,2,5,4,1
2023-02-23,154,2,1,3,7
2023-02-24,155,1,8,7,4
2023-02-24,156,4,1,9,2
2023-02-25,157,3,7,6,5
2023-02-25,158,3,5,2,6
2023-02-26,159,1,8,10,1
2023-02-26,160,1,8,9,2
2023-02-26,161,1,5,4,1
2023-02-26,162,2,8,4,1
2023-02-27,163,1,6,4,1
2023-02-27,164,3,1,2,6
2023-02-27,165,3,8,4,1
2023-02-27,166,4,3,8,3
2023-02-28,167,1,1,6,5
2023-02-28,168,3,4,10,1
2023-03-01,169,1,2,4,1
2023-03-01,170,3,3,1,1
2023-03-01,171,2,8,6,5
2023-03-02,172,4,1,3,7
2023-03-02,173,1,1,7,4
2023-03-03,174,1,1,6,5
2023-03-03,175,3,7,8,3
2023-03-03,176,4,2,1,1
2023-03-03,177,2,5,8,3
2023-03-04,178,1,3,3,7
2023-03-04,179,2,7,9,2
2023-03-04,180,3,6,9,2
2023-03-05,181,1,5,10,1
2023-03-05,182,3,3,2,6
2023-03-05,183,4,1,7,4
2023-03-06,184,1,6,9,2
2023-03-06,185,4,1,4,1
2023-03-07,186,3,2,6,5
2023-03-07,187,3,1,10,1
2023-03-07,188,3,7,4,1
2023-03-08,189,4,3,7,4
2023-03-08,190,2,1,9,2
2023-03-08,191,1,6,3,7
2023-03-08,192,2,5,5,6
2023-03-09,193,4,1,8,3
2023-03-09,194,3,2,6,5
2023-03-09,195,1,4,5,6
2023-03-10,196,1,1,2,6
2023-03-10,197,1,3,9,2
2023-03-10,198,1,4,7,4
2023-03-11,199,1,4,4,1
2023-03-11,200,3,4,7,4
2023-03-11,201,4,2,9,2
2023-03-12,202,2,5,4,1
2023-03-12,203,4,5,5,6
2023-03-12,204,2,8,9,2
2023-03-12,205,1,6,4,1
2023-03-13,206,2,4,1,1
2023-03-13,207,4,1,5,6
2023-03-13,208,3,1,3,7
2023-03-13,209,2,7,7,4
2023-03-14,210,2,7,6,5
2023-03-14,211,3,2,3,7
2023-03-14,212,4,1,10,1
2023-03-14,213,1,3,1,1
2023-03-15,214,1,4,8,3
2023-03-15,215,3,4,4,1
2023-03-15,216,2,3,2,6
2023-03-16,217,2,2,4,1
2023-03-16,218,3,3,5,6
2023-03-16,219,2,5,1,1
2023-03-16,220,4,3,5,6
2023-03-17,221,1,3,4,1
2023-03-17,222,4,8,1,1
2023-03-17,223,3,1,10,1
2023-03-17,224,2,8,4,1
2023-03-18,225,3,5,4,1
2023-03-18,226,4,3,7,4
2023-03-18,227,3,5,8,3
2023-03-18,228,4,3,4,1
2023-03-19,229,3,6,10,1
2023-03-19,230,2,4,2,6
2023-03-20,231,1,3,6,5
2023-03-20,232,3,5,1,1
2023-03-21,233,1,8,7,4
2023-03-21,234,2,8,2,6
2023-03-22,235,1,1,9,2
2023-03-22,236,1,6,4,1
2023-03-23,237,2,2,6,5
2023-03-23,238,2,5,3,7
2023-03-24,239,4,7,1,1
2023-03-24,240,2,4,8,3
2023-03-24,241,3,6,7,4
2023-03-24,242,1,5,7,4
2023-03-25,243,2,3,9,2
2023-03-25,244,4,2,9,2
2023-03-26,245,1,3,5,6
2023-03-26,246,1,8,5,6
2023-03-26,247,1,4,8,3
2023-03-27,248,4,8,8,3
2023-03-27,249,3,7,6,5
2023-03-27,250,1,6,6,5
2023-03-28,251,3,1,4,1
2023-03-28,252,3,2,4,1
2023-03-29,253,3,3,3,7
2023-03-29,254,4,7,7,4
2023-03-30,255,4,5,10,1
2023-03-30,256,2,5,10,1
2023-03-30,257,4,1,6,5
2023-03-31,258,3,2,1,1
2023-03-31,259,2,3,10,1
2023-03-31,260,3,7,5,6
2023-03-31,261,4,3,4,1
2023-04-01,262,1,1,5,6
2023-04-01,263,2,4,7,4
2023-04-01,264,3,2,9,2
2023-04-02,265,4,4,2,6
2023-04-02,266,1,6,2,6
2023-04-02,267,1,7,1,1
2023-04-02,268,1,3,6,5
2023-04-03,269,2,4,7,4
2023-04-03,270,4,8,9,2
2023-04-03,271,1,6,6,5
2023-04-04,272,1,6,3,7
2023-04-04,273,2,2,2,6
2023-04-04,274,2,2,9,2
2023-04-05,275,3,7,5,6
2023-04-05,276,1,7,7,4
2023-04-05,277,4,5,8,3
2023-04-05,278,1,2,9,2
2023-04-06,279,2,5,1,1
2023-04-06,280,3,7,8,3
2023-04-06,281,4,4,9,2
2023-04-06,282,1,1,9,2
2023-04-07,283,3,2,2,6
2023-04-07,284,2,7,2,6
2023-04-08,285,3,1,4,1
2023-04-08,286,3,7,6,5
2023-04-09,287,3,5,9,2
2023-04-09,288,2,7,5,6
2023-04-09,289,1,6,2,6
2023-04-10,290,3,1,8,3
2023-04-10,291,2,4,8,3
2023-04-11,292,4,2,7,4
2023-04-11,293,4,7,7,4
2023-04-12,294,3,6,3,7
2023-04-12,295,2,5,1,1
2023-04-12,296,4,4,8,3
2023-04-13,297,1,7,8,3
2023-04-13,298,3,1,9,2
2023-04-13,299,2,7,5,6
2023-04-13,300,4,4,1,1
2023-04-14,301,4,7,4,1
2023-04-14,302,2,4,6,5
2023-04-14,303,1,5,3,7
2023-04-14,304,1,6,2,6
2023-04-15,305,4,4,10,1
2023-04-15,306,3,6,10,1
2023-04-16,307,4,1,5,6
2023-04-16,308,2,4,1,1
2023-04-16,309,4,5,4,1
2023-04-16,310,1,1,8,3
2023-04-17,311,1,1,2,6
2023-04-17,312,2,4,4,1
2023-04-17,313,2,5,4,1
2023-04-17,314,2,3,8,3
2023-04-18,315,2,8,4,1
2023-04-18,316,3,7,6,5
2023-04-18,317,1,6,8,3
2023-04-19,318,2,5,7,4
2023-04-19,319,2,6,10,1
2023-04-19,320,2,6,9,2
2023-04-20,321,1,1,10,1
2023-04-20,322,3,3,8,3
2023-04-20,323,3,2,9,2
2023-04-21,324,3,7,2,6
2023-04-21,325,2,5,6,5
2023-04-21,326,2,2,8,3
2023-04-21,327,4,2,4,1
2023-04-22,328,2,6,8,3
2023-04-22,329,4,4,4,1
2023-04-22,330,2,7,3,7
2023-04-23,331,3,2,5,6
2023-04-23,332,1,7,3,7
2023-04-24,333,2,6,2,6
2023-04-24,334,3,6,1,1
2023-04-24,335,3,7,4,1
2023-04-24,336,4,6,8,3
2023-04-25,337,4,5,9,2
2023-04-25,338,1,2,8,3
2023-04-25,339,1,2,3,7
2023-04-25,340,2,8,7,4
2023-04-26,341,1,8,5,6
2023-04-26,342,4,1,9,2
2023-04-26,343,3,5,7,4
2023-04-26,344,4,8,5,6
2023-04-27,345,3,6,8,3
2023-04-27,346,1,5,3,7
2023-04-27,347,3,1,10,1
2023-04-28,348,1,4,10,1
2023-04-28,349,3,8,10,1
2023-04-28,350,2,2,6,5
2023-04-28,351,2,4,6,5
2023-04-29,352,3,7,3,7
2023-04-29,353,2,4,1,1
2023-04-29,354,3,4,3,7
2023-04-29,355,2,7,7,4
2023-04-30,356,1,1,8,3
2023-04-30,357,3,8,8,3
2023-04-30,358,3,2,10,1
2023-05-01,359,1,6,9,2
2023-05-01,360,1,2,7,4
2023-05-01,361,3,8,1,1
2023-05-02,362,4,5,4,1
2023-05-02,363,2,8,7,4
2023-05-03,364,3,7,3,7
2023-05-03,365,3,3,1,1
2023-05-03,366,2,3,4,1
2023-05-03,367,1,3,2,6
2023-05-04,368,3,7,4,1
2023-05-04,369,4,1,1,1
2023-05-04,370,3,8,4,1
2023-05-04,371,3,3,8,3
2023-05-05,372,1,4,3,7
2023-05-05,373,4,6,4,1
2023-05-05,374,2,2,6,5
2023-05-05,375,1,4,8,3
2023-05-06,376,3,4,10,1
2023-05-06,377,1,4,5,6
2023-05-06,378,4,8,6,5
2023-05-07,379,3,7,1,1
2023-05-07,380,3,1,10,1
2023-05-08,381,3,2,5,6
2023-05-08,382,4,6,1,1
2023-05-09,383,1,8,3,7
2023-05-09,384,2,2,6,5
2023-05-09,385,2,3,5,6
2023-05-10,386,2,6,3,7
2023-05-10,387,2,1,4,1
2023-05-11,388,3,8,7,4
2023-05-11,389,3,2,8,3
2023-05-12,390,4,1,9,2
2023-05-12,391,4,5,1,1
2023-05-12,392,4,7,2,6
2023-05-12,393,4,8,7,4
2023-05-13,394,4,4,1,1
2023-05-13,395,4,1,2,6
2023-05-14,396,3,1,6,5
2023-05-14,397,3,4,3,7
2023-05-14,398,4,3,9,2
2023-05-15,399,1,6,6,5
2023-05-15,400,2,6,7,4
2023-05-15,401,1,5,9,2
2023-05-15,402,1,1,4,1
2023-05-16,403,2,4,1,1
2023-05-16,404,3,4,8,3
2023-05-17,405,1,5,3,7
2023-05-17,406,1,2,4,1
2023-05-17,407,4,4,8,3
2023-05-18,408,1,5,6,5
2023-05-18,409,1,7,1,1
2023-05-18,410,4,6,2,6
2023-05-18,411,2,2,4,1
2023-05-19,412,3,6,5,6
2023-05-19,413,3,1,7,4
2023-05-20,414,1,4,9,2
2023-05-20,415,1,2,5,6
2023-05-20,416,2,1,5,6
2023-05-20,417,2,3,7,4
2023-05-21,418,4,4,1,1
2023-05-21,419,1,8,8,3
2023-05-22,420,1,3,3,7
2023-05-22,421,1,4,10,1
2023-05-22,422,3,1,6,5
2023-05-23,423,3,1,9,2
2023-05-23,424,2,1,6,5
2023-05-23,425,4,3,7,4
2023-05-23,426,3,1,10,1
2023-05-24,427,2,2,2,6
2023-05-24,428,4,6,5,6
2023-05-25,429,4,8,4,1
2023-05-25,430,3,7,1,1
2023-05-25,431,3,2,7,4
2023-05-25,432,2,6,8,3
2023-05-26,433,3,7,7,4
2023-05-26,434,2,3,5,6
2023-05-26,435,3,3,1,1
2023-05-26,436,3,8,2,6
2023-05-27,437,2,6,7,4
2023-05-27,438,4,5,7,4
2023-05-27,439,1,3,5,6
2023-05-27,440,1,5,1,1
2023-05-28,441,3,4,1,1
2023-05-28,442,3,1,9,2
2023-05-28,443,2,8,7,4
2023-05-29,444,4,7,10,1
2023-05-29,445,3,6,7,4
2023-05-30,446,1,7,2,6
2023-05-30,447,4,3,10,1
2023-05-31,448,4,5,4,1
2023-05-31,449,3,4,1,1
2023-05-31,450,3,2,1,1
2023-06-01,451,4,8,9,2
2023-06-01,452,3,7,2,6
2023-06-02,453,4,7,4,1
2023-06-02,454,4,7,1,1
2023-06-03,455,1,5,1,1
2023-06-03,456,3,7,10,1
2023-06-04,457,1,3,6,5
2023-06-04,458,4,3,8,3
2023-06-04,459,4,6,10,1
2023-06-04,460,2,2,3,7
2023-06-05,461,3,8,8,3
2023-06-05,462,1,1,9,2
2023-06-06,463,1,8,2,6
2023-06-06,464,1,8,10,1
2023-06-07,465,1,7,2,6
2023-06-07,466,2,5,6,5
2023-06-08,467,2,2,7,4
2023-06-08,468,2,7,1,1
2023-06-08,469,1,2,8,3
2023-06-08,470,4,7,1,1
2023-06-09,471,2,3,6,5
2023-06-09,472,2,1,3,7
2023-06-09,473,4,8,10,1
2023-06-10,474,3,2,6,5
2023-06-10,475,2,5,4,1
2023-06-11,476,3,4,10,1
2023-06-11,477,1,8,7,4
2023-06-11,478,4,3,1,1
2023-06-11,479,1,3,6,5
2023-06-12,480,3,1,2,6
2023-06-12,481,1,1,2,6
2023-06-12,482,1,7,7,4
2023-06-13,483,4,5,9,2
2023-06-13,484,2,7,9,2
2023-06-13,485,1,4,8,3
2023-06-13,486,4,2,5,6
2023-06-14,487,2,8,2,6
2023-06-14,488,3,7,1,1
2023-06-14,489,2,7,10,1
2023-06-15,490,1,2,4,1
2023-06-15,491,2,4,1,1
2023-06-15,492,3,2,6,5
2023-06-15,493,4,6,9,2
2023-06-16,494,1,1,7,4
2023-06-16,495,4,1,9,2
2023-06-16,496,1,2,2,6
2023-06-16,497,4,6,3,7
2023-06-17,498,3,2,8,3
2023-06-17,499,2,6,2,6
2023-06-17,500,1,8,2,6
2023-06-17,501,2,3,6,5
2023-06-18,502,3,8,8,3
2023-06-18,503,1,1,5,6
2023-06-18,504,3,5,6,5
2023-06-18,505,3,6,3,7
2023-06-19,506,4,8,7,4
2023-06-19,507,4,5,4,1
2023-06-20,508,2,3,1,1
2023-06-20,509,4,6,2,6
2023-06-20,510,4,8,7,4
2023-06-20,511,3,3,9,2
2023-06-21,512,1,7,10,1
2023-06-21,513,2,2,2,6
2023-06-22,514,2,4,2,6
2023-06-22,515,4,7,1,1
2023-06-22,516,3,1,7,4
2023-06-23,517,4,6,7,4
2023-06-23,518,2,3,2,6
2023-06-23,519,4,2,7,4
2023-06-24,520,1,3,10,1
2023-06-24,521,1,7,9,2
2023-06-24,522,3,5,8,3
2023-06-24,523,1,6,3,7
2023-06-25,524,1,6,7,4
2023-06-25,525,1,2,7,4
2023-06-25,526,1,6,2,6
2023-06-25,527,1,5,8,3
2023-06-26,528,4,2,3,7
2023-06-26,529,2,4,3,7
2023-06-26,530,4,3,10,1
2023-06-26,531,4,6,2,6
2023-06-27,532,2,3,5,6
2023-06-27,533,3,5,3,7
2023-06-27,534,2,6,1,1
2023-06-27,535,1,7,8,3
2023-06-28,536,2,3,4,1
2023-06-28,537,2,4,10,1
2023-06-28,538,2,4,1,1
2023-06-29,539,2,3,8,3
2023-06-29,540,3,1,5,6
2023-06-30,541,3,4,6,5
2023-06-30,542,2,5,2,6
2023-07-01,543,1,2,1,1
2023-07-01,544,2,7,10,1
2023-07-01,545,3,4,1,1
2023-07-02,546,2,8,10,1
2023-07-02,547,3,5,2,6
2023-07-02,548,3,4,6,5
2023-07-02,549,2,3,6,5
2023-07-03,550,1,4,3,7
2023-07-03,551,3,3,2,6
2023-07-03,552,1,1,6,5
2023-07-03,553,1,8,10,1
2023-07-04,554,1,4,8,3
2023-07-04,555,1,6,2,6
2023-07-05,556,2,6,2,6
2023-07-05,557,4,1,10,1
2023-07-05,558,4,5,4,1
2023-07-06,559,3,5,4,1
2023-07-06,560,1,7,3,7
2023-07-07,561,4,6,1,1
2023-07-07,562,4,7,4,1
2023-07-08,563,2,1,3,7
2023-07-08,564,1,1,2,6
2023-07-08,565,1,4,7,4
2023-07-09,566,1,1,9,2
2023-07-09,567,4,4,2,6
2023-07-09,568,1,2,9,2
2023-07-10,569,2,6,4,1
2023-07-10,570,3,5,8,3
2023-07-10,571,4,6,9,2
2023-07-10,572,1,3,1,1
2023-07-11,573,1,4,5,6
2023-07-11,574,1,3,5,6
2023-07-11,575,2,5,2,6
2023-07-12,576,3,4,4,1
2023-07-12,577,2,8,9,2
2023-07-12,578,4,5,4,1
2023-07-13,579,2,2,1,1
2023-07-13,580,3,6,9,2
2023-07-14,581,4,3,3,7
2023-07-14,582,3,4,8,3
2023-07-14,583,3,7,3,7
2023-07-14,584,4,5,6,5
2023-07-15,585,2,4,8,3
2023-07-15,586,3,2,6,5
2023-07-16,587,3,6,5,6
2023-07-16,588,3,3,4,1
2023-07-16,589,1,8,5,6
2023-07-16,590,2,6,9,2
2023-07-17,591,3,5,9,2
2023-07-17,592,3,6,7,4
2023-07-18,593,1,4,5,6
2023-07-18,594,3,2,5,6
2023-07-18,595,2,1,5,6
2023-07-19,596,1,7,5,6
2023-07-19,597,2,4,8,3
2023-07-19,598,4,6,9,2
2023-07-20,599,3,7,10,1
2023-07-20,600,3,8,5,6
2023-07-20,601,3,5,6,5
2023-07-20,602,3,1,6,5
2023-07-21,603,4,5,9,2
2023-07-21,604,1,3,5,6
2023-07-22,605,3,6,8,3
2023-07-22,606,3,7,7,4
2023-07-23,607,2,2,6,5
2023-07-23,608,2,7,4,1
2023-07-23,609,3,3,2,6
2023-07-23,610,2,5,9,2
2023-07-24,611,3,2,4,1
2023-07-24,612,3,5,2,6
2023-07-24,613,1,7,1,1
2023-07-24,614,1,2,1,1
2023-07-25,615,4,3,5,6
2023-07-25,616,3,1,9,2
2023-07-25,617,1,1,6,5
2023-07-25,618,3,4,1,1
2023-07-26,619,3,4,6,5
2023-07-26,620,3,8,9,2
2023-07-26,621,2,3,2,6
2023-07-26,622,2,3,5,6
2023-07-27,623,1,1,2,6
2023-07-27,624,4,5,4,1
2023-07-27,625,1,3,10,1
2023-07-28,626,1,4,6,5
2023-07-28,627,4,8,6,5
2023-07-29,628,1,2,1,1
2023-07-29,629,4,5,5,6
2023-07-30,630,4,3,10,1
2023-07-30,631,4,5,8,3
2023-07-31,632,3,3,3,7
2023-07-31,633,1,7,3,7
2023-08-01,634,4,5,10,1
2023-08-01,635,3,8,1,1
2023-08-02,636,1,6,1,1
2023-08-02,637,3,6,3,7
2023-08-02,638,3,1,7,4
2023-08-03,639,3,2,5,6
2023-08-03,640,2,3,8,3
2023-08-03,641,4,1,5,6
2023-08-03,642,3,4,5,6
2023-08-04,643,1,3,1,1
2023-08-04,644,3,8,2,6
2023-08-04,645,4,6,2,6
2023-08-05,646,1,4,3,7
2023-08-05,647,1,4,2,6
2023-08-05,648,3,7,4,1
2023-08-06,649,4,2,4,1
2023-08-06,650,2,6,9,2
2023-08-06,651,2,1,8,3
2023-08-07,652,4,3,4,1
2023-08-07,653,1,8,9,2
2023-08-07,654,1,6,1,1
2023-08-07,655,1,8,7,4
2023-08-08,656,2,4,6,5
2023-08-08,657,3,5,6,5
2023-08-09,658,3,1,4,1
2023-08-09,659,1,1,7,4
2023-08-10,660,1,7,1,1
2023-08-10,661,4,6,5,6
2023-08-11,662,2,5,6,5
2023-08-11,663,2,8,8,3
2023-08-11,664,1,3,2,6
2023-08-12,665,1,6,2,6
2023-08-12,666,3,2,2,6
2023-08-13,667,4,1,9,2
2023-08-13,668,1,3,2,6
2023-08-13,669,1,5,10,1
2023-08-13,670,4,2,10,1
2023-08-14,671,2,4,10,1
2023-08-14,672,4,6,1,1
2023-08-15,673,4,4,7,4
2023-08-15,674,3,8,9,2
2023-08-15,675,3,4,2,6
2023-08-15,676,2,5,10,1
2023-08-16,677,3,7,9,2
2023-08-16,678,4,2,5,6
2023-08-16,679,2,6,5,6
2023-08-17,680,4,5,3,7
2023-08-17,681,2,6,1,1
2023-08-17,682,2,2,7,4
2023-08-18,683,2,6,7,4
2023-08-18,684,4,8,7,4
2023-08-18,685,2,7,4,1
2023-08-19,686,4,4,10,1
2023-08-19,687,1,2,6,5
2023-08-19,688,4,6,6,5
2023-08-20,689,3,1,7,4
2023-08-20,690,2,3,10,1
2023-08-20,691,3,3,1,1
2023-08-21,692,4,6,3,7
2023-08-21,693,4,5,3,7
2023-08-21,694,2,7,6,5
2023-08-21,695,1,3,5,6
2023-08-22,696,2,5,8,3
2023-08-22,697,4,7,9,2
2023-08-23,698,4,3,6,5
2023-08-23,699,1,1,6,5
2023-08-24,700,4,6,2,6
2023-08-24,701,4,4,1,1
2023-08-25,702,1,6,1,1
2023-08-25,703,2,4,1,1
2023-08-25,704,2,8,9,2
2023-08-25,705,1,5,6,5
2023-08-26,706,3,7,9,2
2023-08-26,707,4,4,4,1
2023-08-26,708,1,1,3,7
2023-08-27,709,1,5,6,5
2023-08-27,710,1,4,8,3
2023-08-28,711,4,8,7,4
2023-08-28,712,4,7,9,2
2023-08-28,713,3,7,4,1
2023-08-29,714,3,1,4,1
2023-08-29,715,4,3,6,5
2023-08-29,716,1,8,9,2
2023-08-30,717,2,1,8,3
2023-08-30,718,1,6,2,6
2023-08-31,719,4,2,6,5
2023-08-31,720,1,3,1,1
2023-08-31,721,4,3,8,3
2023-08-31,722,1,4,3,7
2023-09-01,723,1,8,9,2
2023-09-01,724,2,8,1,1
2023-09-01,725,4,1,9,2
2023-09-02,726,2,3,1,1
2023-09-02,727,2,1,4,1
2023-09-02,728,2,1,3,7
2023-09-03,729,3,7,7,4
2023-09-03,730,2,1,6,5
2023-09-03,731,4,1,1,1
2023-09-04,732,1,3,7,4
2023-09-04,733,1,8,2,6
2023-09-05,734,1,8,8,3
2023-09-05,735,1,5,1,1
2023-09-06,736,3,2,10,1
2023-09-06,737,1,8,3,7
2023-09-06,738,4,8,9,2
2023-09-07,739,2,2,5,6
2023-09-07,740,3,3,6,5
2023-09-07,741,1,3,9,2
2023-09-08,742,2,8,7,4
2023-09-08,743,2,8,10,1
2023-09-08,744,4,5,8,3
2023-09-08,745,3,1,9,2
2023-09-09,746,1,2,3,7
2023-09-09,747,1,2,4,1
2023-09-09,748,2,8,6,5
2023-09-09,749,2,4,8,3
2023-09-10,750,2,1,6,5
2023-09-10,751,3,4,9,2
2023-09-11,752,4,2,10,1
2023-09-11,753,1,3,7,4
2023-09-12,754,4,7,2,6
2023-09-12,755,3,8,2,6
2023-09-12,756,3,3,2,6
2023-09-13,757,1,5,4,1
2023-09-13,758,4,8,6,5
2023-09-14,759,4,2,7,4
2023-09-14,760,3,3,1,1
2023-09-15,761,2,3,7,4
2023-09-15,762,2,1,4,1
2023-09-15,763,2,5,8,3
2023-09-16,764,1,5,4,1
2023-09-16,765,1,7,4,1
2023-09-17,766,4,4,8,3
2023-09-17,767,4,2,7,4
2023-09-17,768,2,8,10,1
2023-09-18,769,4,6,3,7
2023-09-18,770,3,6,3,7
2023-09-18,771,1,1,8,3
2023-09-19,772,4,6,6,5
2023-09-19,773,1,7,4,1
2023-09-19,774,2,1,5,6
2023-09-20,775,4,2,8,3
2023-09-20,776,4,8,1,1
2023-09-20,777,4,8,3,7
2023-09-20,778,4,4,4,1
2023-09-21,779,3,2,2,6
2023-09-21,780,2,4,2,6
2023-09-21,781,4,5,4,1
2023-09-22,782,2,1,4,1
2023-09-22,783,3,8,5,6
2023-09-23,784,4,7,5,6
2023-09-23,785,4,6,2,6
2023-09-23,786,3,3,9,2
2023-09-24,787,4,3,5,6
2023-09-24,788,2,1,3,7
2023-09-25,789,4,8,10,1
2023-09-25,790,1,1,1,1
2023-09-26,791,3,1,9,2
2023-09-26,792,3,8,9,2
2023-09-26,793,4,7,9,2
2023-09-27,794,4,1,6,5
2023-09-27,795,2,2,6,5
2023-09-28,796,2,6,9,2
2023-09-28,797,4,3,5,6
2023-09-29,798,4,3,3,7
2023-09-29,799,2,2,8,3
2023-09-30,800,3,1,7,4
2023-09-30,801,2,4,10,1
2023-09-30,802,3,1,4,1
2023-10-01,803,3,2,1,1
2023-10-01,804,3,7,7,4
2023-10-02,805,3,4,9,2
2023-10-02,806,4,6,9,2
2023-10-03,807,3,4,3,7
2023-10-03,808,3,2,2,6
2023-10-04,809,4,6,3,7
2023-10-04,810,2,5,5,6
2023-10-04,811,4,1,2,6
2023-10-04,812,3,5,3,7
2023-10-05,813,4,5,3,7
2023-10-05,814,4,1,6,5
2023-10-06,815,2,2,7,4
2023-10-06,816,2,7,7,4
2023-10-06,817,4,5,4,1
2023-10-06,818,2,3,1,1
2023-10-07,819,3,1,2,6
2023-10-07,820,1,7,1,1
2023-10-07,821,4,5,3,7
2023-10-07,822,1,5,2,6
2023-10-08,823,4,4,8,3
2023-10-08,824,1,1,10,1
2023-10-09,825,3,5,9,2
2023-10-09,826,1,7,10,1
2023-10-09,827,4,2,4,1
2023-10-10,828,3,4,5,6
2023-10-10,829,4,8,1,1
2023-10-11,830,2,5,5,6
2023-10-11,831,3,4,1,1
2023-10-11,832,3,2,2,6
2023-10-11,833,4,8,5,6
2023-10-12,834,2,6,1,1
2023-10-12,835,4,5,7,4
2023-10-12,836,1,1,5,6
2023-10-12,837,4,3,4,1
2023-10-13,838,3,1,10,1
2023-10-13,839,3,5,9,2
2023-10-13,840,1,3,1,1
2023-10-13,841,4,2,8,3
2023-10-14,842,1,8,5,6
2023-10-14,843,3,8,3,7
2023-10-15,844,4,4,1,1
2023-10-15,845,4,6,6,5
2023-10-15,846,3,6,10,1
2023-10-16,847,1,1,1,1
2023-10-16,848,4,1,2,6
2023-10-16,849,3,8,10,1
2023-10-16,850,3,8,10,1
2023-10-17,851,2,8,1,1
2023-10-17,852,4,2,6,5
2023-10-18,853,2,6,3,7
2023-10-18,854,3,4,8,3
2023-10-18,855,4,2,6,5
2023-10-19,856,3,5,8,3
2023-10-19,857,4,4,8,3
2023-10-20,858,1,8,6,5
2023-10-20,859,1,2,8,3
2023-10-21,860,4,5,10,1
2023-10-21,861,3,3,7,4
2023-10-21,862,2,4,4,1
2023-10-21,863,1,3,2,6
2023-10-22,864,4,8,10,1
2023-10-22,865,1,6,4,1
2023-10-22,866,4,8,5,6
2023-10-23,867,2,8,4,1
2023-10-23,868,4,6,7,4
2023-10-23,869,1,8,9,2
2023-10-24,870,1,3,10,1
2023-10-24,871,2,7,2,6
2023-10-24,872,4,8,1,1
2023-10-24,873,3,4,2,6
2023-10-25,874,4,6,1,1
2023-10-25,875,1,3,8,3
2023-10-26,876,2,6,7,4
2023-10-26,877,3,1,1,1
2023-10-27,878,4,5,9,2
2023-10-27,879,3,5,6,5
2023-10-27,880,2,3,7,4
2023-10-28,881,1,8,4,1
2023-10-28,882,4,5,6,5
2023-10-28,883,1,8,10,1
2023-10-28,884,4,8,7,4
2023-10-29,885,1,3,6,5
2023-10-29,886,4,1,10,1
2023-10-29,887,3,3,6,5
2023-10-29,888,4,4,8,3
2023-10-30,889,2,7,8,3
2023-10-30,890,3,5,10,1
2023-10-31,891,4,7,2,6
2023-10-31,892,3,7,4,1
2023-11-01,893,3,8,8,3
2023-11-01,894,2,2,1,1
2023-11-01,895,2,3,9,2
2023-11-01,896,2,7,6,5
2023-11-02,897,4,4,2,6
2023-11-02,898,1,1,10,1
2023-11-02,899,2,1,6,5
2023-11-03,900,2,5,4,1
2023-11-03,901,2,8,9,2
2023-11-03,902,3,8,7,4
2023-11-04,903,3,8,1,1
2023-11-04,904,3,7,4,1
2023-11-04,905,1,3,10,1
2023-11-05,906,4,6,1,1
2023-11-05,907,1,4,5,6
2023-11-05,908,1,2,6,5
2023-11-05,909,1,7,9,2
2023-11-06,910,1,2,7,4
2023-11-06,911,4,2,9,2
2023-11-06,912,3,1,4,1
2023-11-06,913,3,7,9,2
2023-11-07,914,1,2,8,3
2023-11-07,915,2,2,3,7
2023-11-08,916,1,4,8,3
2023-11-08,917,2,1,7,4
2023-11-08,918,1,3,5,6
2023-11-08,919,2,8,5,6
2023-11-09,920,4,8,9,2
2023-11-09,921,3,4,5,6
2023-11-09,922,3,5,4,1
2023-11-10,923,3,2,2,6
2023-11-10,924,4,6,7,4
2023-11-10,925,4,1,5,6
2023-11-11,926,1,2,2,6
2023-11-11,927,3,7,4,1
2023-11-12,928,4,4,3,7
2023-11-12,929,2,3,4,1
2023-11-13,930,2,2,7,4
2023-11-13,931,2,4,8,3
2023-11-14,932,3,8,8,3
2023-11-14,933,2,3,9,2
2023-11-15,934,4,5,10,1
2023-11-15,935,3,6,6,5
2023-11-16,936,1,1,6,5
2023-11-16,937,4,8,4,1
2023-11-16,938,4,8,5,6
2023-11-17,939,1,6,6,5
2023-11-17,940,4,8,1,1
2023-11-17,941,4,5,4,1
2023-11-18,942,1,7,10,1
2023-11-18,943,1,2,7,4
2023-11-18,944,2,7,8,3
2023-11-19,945,4,5,6,5
2023-11-19,946,2,2,8,3
2023-11-19,947,4,7,1,1
2023-11-19,948,2,6,7,4
2023-11-20,949,1,2,8,3
2023-11-20,950,4,5,6,5
2023-11-20,951,1,8,6,5
2023-11-21,952,3,6,1,1
2023-11-21,953,2,8,7,4
2023-11-21,954,3,2,10,1
2023-11-22,955,4,5,2,6
2023-11-22,956,4,6,1,1
2023-11-22,957,3,6,2,6
2023-11-22,958,4,8,8,3
2023-11-23,959,1,4,8,3
2023-11-23,960,1,4,6,5
2023-11-24,961,4,1,8,3
2023-11-24,962,4,6,3,7
2023-11-25,963,4,2,2,6
2023-11-25,964,3,8,7,4
2023-11-26,965,4,4,4,1
2023-11-26,966,3,8,2,6
2023-11-26,967,1,7,5,6
2023-11-27,968,2,1,4,1
2023-11-27,969,1,7,3,7
2023-11-27,970,1,8,10,1
2023-11-27,971,1,2,3,7
2023-11-28,972,1,5,9,2
2023-11-28,973,4,8,4,1
2023-11-29,974,2,6,1,1
2023-11-29,975,4,5,7,4
2023-11-29,976,2,6,8,3
2023-11-30,977,1,7,1,1
2023-11-30,978,2,6,5,6
2023-11-30,979,4,6,5,6
2023-11-30,980,4,5,7,4
2023-12-01,981,4,3,3,7
2023-12-01,982,1,8,5,6
2023-12-02,983,3,2,9,2
2023-12-02,984,1,2,4,1
2023-12-02,985,1,7,7,4
2023-12-02,986,4,8,7,4
2023-12-03,987,2,3,8,3
2023-12-03,988,1,2,9,2
2023-12-03,989,3,4,4,1
2023-12-04,990,1,7,5,6
2023-12-04,991,1,8,3,7
2023-12-04,992,4,5,2,6
2023-12-04,993,1,6,10,1
2023-12-05,994,1,8,1,1
2023-12-05,995,1,6,10,1
2023-12-06,996,2,1,3,7
2023-12-06,997,3,6,10,1
2023-12-06,998,1,3,2,6
2023-12-07,999,4,3,1,1
2023-12-07,1000,3,3,4,1
2023-12-07,1001,3,4,4,1
2023-12-08,1002,2,7,9,2
2023-12-08,1003,4,6,1,1
2023-12-08,1004,3,1,8,3
2023-12-09,1005,2,5,7,4
2023-12-09,1006,1,3,8,3
2023-12-10,1007,1,1,1,1
2023-12-10,1008,1,8,8,3
2023-12-11,1009,2,3,3,7
2023-12-11,1010,4,2,9,2
2023-12-12,1011,4,2,8,3
2023-12-12,1012,4,3,7,4
2023-12-12,1013,2,2,10,1
2023-12-12,1014,3,5,8,3
2023-12-13,1015,2,1,5,6
2023-12-13,1016,1,6,2,6
2023-12-14,1017,1,7,3,7
2023-12-14,1018,4,5,3,7
2023-12-15,1019,3,1,7,4
2023-12-15,1020,1,6,6,5
2023-12-15,1021,3,4,10,1
2023-12-16,1022,1,2,7,4
2023-12-16,1023,4,3,8,3
2023-12-16,1024,1,8,5,6
2023-12-16,1025,3,4,8,3
2023-12-17,1026,2,8,8,3
2023-12-17,1027,4,6,3,7
2023-12-17,1028,2,1,7,4
2023-12-18,1029,4,5,4,1
2023-12-18,1030,3,4,3,7
2023-12-18,1031,2,7,8,3
2023-12-18,1032,2,6,4,1
2023-12-19,1033,4,2,8,3
2023-12-19,1034,1,3,7,4
2023-12-19,1035,1,6,4,1
2023-12-19,1036,2,3,8,3
2023-12-20,1037,4,4,4,1
2023-12-20,1038,2,3,1,1
2023-12-20,1039,1,6,7,4
2023-12-21,1040,4,4,9,2
2023-12-21,1041,4,6,4,1
2023-12-21,1042,4,3,6,5
2023-12-22,1043,3,5,5,6
2023-12-22,1044,2,2,8,3
2023-12-22,1045,1,2,7,4
2023-12-22,1046,3,7,2,6
2023-12-23,1047,2,4,8,3
2023-12-23,1048,2,3,10,1
2023-12-24,1049,3,4,10,1
2023-12-24,1050,3,6,6,5
2023-12-25,1051,1,3,8,3
2023-12-25,1052,1,1,5,6
2023-12-25,1053,3,1,10,1
2023-12-25,1054,3,7,8,3
2023-12-26,1055,1,4,2,6
2023-12-26,1056,3,2,3,7
2023-12-26,1057,3,3,10,1
2023-12-26,1058,3,5,6,5
2023-12-27,1059,3,5,8,3
2023-12-27,1060,2,2,8,3
2023-12-27,1061,4,5,4,1
2023-12-28,1062,3,7,1,1
2023-12-28,1063,3,7,5,6
2023-12-28,1064,1,1,2,6
2023-12-28,1065,3,8,10,1
2023-12-29,1066,4,7,3,7
2023-12-29,1067,3,3,5,6
2023-12-29,1068,1,2,1,1
2023-12-30,1069,2,6,7,4
2023-12-30,1070,2,5,5,6
2023-12-31,1071,4,1,9,2
2023-12-31,1072,1,8,2,6
2024-01-01,1073,2,1,7,4
2024-01-01,1074,2,8,2,6
2024-01-02,1075,3,3,9,2
2024-01-02,1076,1,2,4,1
2024-01-02,1077,4,7,2,6
2024-01-03,1078,3,4,1,1
2024-01-03,1079,2,8,6,5
2024-01-04,1080,4,4,9,2
2024-01-04,1081,1,7,8,3
2024-01-05,1082,4,4,9,2
2024-01-05,1083,1,4,1,1
2024-01-06,1084,2,7,1,1
2024-01-06,1085,4,7,8,3
2024-01-06,1086,2,6,4,1
2024-01-06,1087,3,5,10,1
2024-01-07,1088,1,7,2,6
2024-01-07,1089,2,8,5,6
2024-01-07,1090,3,2,2,6
2024-01-08,1091,2,1,3,7
2024-01-08,1092,4,3,3,7
2024-01-08,1093,3,6,10,1
2024-01-08,1094,1,2,5,6
2024-01-09,1095,1,6,1,1
2024-01-09,1096,2,8,7,4
2024-01-10,1097,3,2,2,6
2024-01-10,1098,4,7,3,7
2024-01-10,1099,1,7,5,6
2024-01-10,1100,4,5,4,1
2024-01-11,1101,3,8,7,4
2024-01-11,1102,2,7,5,6
2024-01-11,1103,3,1,7,4
2024-01-11,1104,3,8,8,3
2024-01-12,1105,3,8,5,6
2024-01-12,1106,1,6,3,7
2024-01-12,1107,1,6,7,4
2024-01-12,1108,2,7,3,7
2024-01-13,1109,4,6,10,1
2024-01-13,1110,1,8,9,2
2024-01-13,1111,2,5,8,3
2024-01-13,1112,4,4,6,5
2024-01-14,1113,4,8,10,1
2024-01-14,1114,2,3,10,1
2024-01-15,1115,3,1,7,4
2024-01-15,1116,3,2,7,4
2024-01-15,1117,2,1,10,1
2024-01-15,1118,1,8,5,6
2024-01-16,1119,3,7,8,3
2024-01-16,1120,1,3,7,4
2024-01-17,1121,3,8,2,6
2024-01-17,1122,3,6,5,6
2024-01-17,1123,1,3,6,5
2024-01-18,1124,2,4,7,4
2024-01-18,1125,4,5,5,6
2024-01-18,1126,4,7,3,7
2024-01-19,1127,2,5,9,2
2024-01-19,1128,4,1,8,3
2024-01-20,1129,4,3,7,4
2024-01-20,1130,1,3,3,7
2024-01-20,1131,1,1,2,6
2024-01-20,1132,2,1,10,1
2024-01-21,1133,4,4,4,1
2024-01-21,1134,2,7,9,2
2024-01-21,1135,4,2,6,5
2024-01-22,1136,4,7,10,1
2024-01-22,1137,3,2,8,3
2024-01-23,1138,2,8,1,1
2024-01-23,1139,3,8,7,4
2024-01-24,1140,3,4,7,4
2024-01-24,1141,1,6,3,7
2024-01-25,1142,2,7,5,6
2024-01-25,1143,1,3,9,2
2024-01-26,1144,1,6,6,5
2024-01-26,1145,3,3,2,6
2024-01-27,1146,2,5,1,1
2024-01-27,1147,1,8,2,6
2024-01-27,1148,2,2,9,2
2024-01-28,1149,3,5,4,1
2024-01-28,1150,2,1,6,5
2024-01-29,1151,3,6,6,5
2024-01-29,1152,4,6,1,1
2024-01-30,1153,2,6,9,2
2024-01-30,1154,2,1,7,4
2024-01-30,1155,1,5,10,1
2024-01-31,1156,3,7,7,4
2024-01-31,1157,1,6,8,3
2024-01-31,1158,4,3,2,6
2024-01-31,1159,1,4,7,4
2024-02-01,1160,2,3,2,6
2024-02-01,1161,2,4,3,7
2024-02-02,1162,3,6,2,6
2024-02-02,1163,4,4,1,1
2024-02-02,1164,3,8,1,1
2024-02-02,1165,1,7,9,2
2024-02-03,1166,2,8,1,1
2024-02-03,1167,3,1,4,1
2024-02-03,1168,4,2,9,2
2024-02-04,1169,3,2,2,6
2024-02-04,1170,4,1,7,4
2024-02-05,1171,3,4,1,1
2024-02-05,1172,4,2,7,4
2024-02-06,1173,4,7,2,6
2024-02-06,1174,4,1,10,1
2024-02-07,1175,2,8,5,6
2024-02-07,1176,3,1,7,4
2024-02-07,1177,3,8,2,6
2024-02-08,1178,4,3,8,3
2024-02-08,1179,4,8,10,1
2024-02-08,1180,2,5,3,7
2024-02-09,1181,2,7,6,5
2024-02-09,1182,3,5,4,1
2024-02-09,1183,2,5,9,2
2024-02-09,1184,3,5,4,1
2024-02-10,1185,2,8,2,6
2024-02-10,1186,1,4,1,1
2024-02-11,1187,2,7,3,7
2024-02-11,1188,3,1,9,2
2024-02-11,1189,4,1,5,6
2024-02-12,1190,3,8,8,3
2024-02-12,1191,1,1,7,4
2024-02-12,1192,4,5,1,1
2024-02-12,1193,1,1,7,4
2024-02-13,1194,2,3,10,1
2024-02-13,1195,3,1,3,7
2024-02-13,1196,3,7,10,1
2024-02-14,1197,4,7,10,1
2024-02-14,1198,4,8,8,3
2024-02-15,1199,4,2,2,6
2024-02-15,1200,2,5,8,3
2024-02-15,1201,4,3,10,1
2024-02-16,1202,2,2,3,7
2024-02-16,1203,1,8,9,2
2024-02-16,1204,4,5,10,1
2024-02-17,1205,4,8,6,5
2024-02-17,1206,1,4,10,1
2024-02-17,1207,3,8,8,3
2024-02-17,1208,4,4,2,6
2024-02-18,1209,4,2,1,1
2024-02-18,1210,1,8,5,6
2024-02-18,1211,4,1,9,2
2024-02-19,1212,4,1,8,3
2024-02-19,1213,1,3,8,3
2024-02-19,1214,3,5,5,6
2024-02-19,1215,4,4,2,6
2024-02-20,1216,4,8,8,3
2024-02-20,1217,3,6,7,4
2024-02-21,1218,3,3,3,7
2024-02-21,1219,1,8,9,2
2024-02-21,1220,4,4,8,3
2024-02-21,1221,3,4,7,4
2024-02-22,1222,2,6,2,6
2024-02-22,1223,4,6,10,1
2024-02-23,1224,3,5,1,1
2024-02-23,1225,2,5,1,1
2024-02-23,1226,3,4,8,3
2024-02-24,1227,4,4,2,6
2024-02-24,1228,1,4,8,3
2024-02-24,1229,1,4,5,6
2024-02-24,1230,4,8,8,3
2024-02-25,1231,2,8,7,4
2024-02-25,1232,3,6,9,2
2024-02-26,1233,2,8,1,1
2024-02-26,1234,1,7,1,1
2024-02-26,1235,4,2,10,1
2024-02-27,1236,1,2,3,7
2024-02-27,1237,1,6,10,1
2024-02-27,1238,3,7,7,4
2024-02-27,1239,1,7,9,2
2024-02-28,1240,4,2,3,7
2024-02-28,1241,3,6,9,2
2024-02-28,1242,1,5,5,6
2024-02-28,1243,3,4,10,1
2024-02-29,1244,2,5,9,2
2024-02-29,1245,4,4,1,1
2024-02-29,1246,1,5,6,5
2024-02-29,1247,2,6,7,4
2024-03-01,1248,4,6,1,1
2024-03-01,1249,2,1,10,1
2024-03-01,1250,4,8,1,1
2024-03-01,1251,1,2,2,6
2024-03-02,1252,3,4,5,6
2024-03-02,1253,4,2,9,2
2024-03-02,1254,2,5,1,1
2024-03-03,1255,4,5,5,6
2024-03-03,1256,4,4,10,1
2024-03-04,1257,4,7,2,6
2024-03-04,1258,2,1,8,3
2024-03-05,1259,1,4,5,6
2024-03-05,1260,4,8,10,1
2024-03-05,1261,2,4,5,6
2024-03-06,1262,3,6,1,1
2024-03-06,1263,4,6,5,6
2024-03-06,1264,1,1,7,4
2024-03-06,1265,3,2,3,7
2024-03-07,1266,4,4,5,6
2024-03-07,1267,2,1,7,4
2024-03-08,1268,2,3,8,3
2024-03-08,1269,3,1,10,1
2024-03-09,1270,1,4,2,6
2024-03-09,1271,2,4,1,1
2024-03-10,1272,4,1,8,3
2024-03-10,1273,2,6,4,1
2024-03-11,1274,4,8,3,7
2024-03-11,1275,2,6,5,6
2024-03-11,1276,2,4,8,3
2024-03-12,1277,2,1,2,6
2024-03-12,1278,4,4,2,6
2024-03-13,1279,4,6,3,7
2024-03-13,1280,3,6,3,7
2024-03-13,1281,2,6,6,5
2024-03-14,1282,2,4,5,6
2024-03-14,1283,3,1,3,7
2024-03-14,1284,1,5,2,6
2024-03-15,1285,3,8,5,6
2024-03-15,1286,4,8,3,7
2024-03-15,1287,3,3,8,3
2024-03-16,1288,1,6,7,4
2024-03-16,1289,3,6,2,6
2024-03-17,1290,1,6,8,3
2024-03-17,1291,1,5,8,3
2024-03-18,1292,2,5,5,6
2024-03-18,1293,1,5,4,1
2024-03-19,1294,2,4,5,6
2024-03-19,1295,2,6,5,6
2024-03-19,1296,2,4,3,7
2024-03-19,1297,4,4,6,5
2024-03-20,1298,3,8,2,6
2024-03-20,1299,3,8,1,1
2024-03-21,1300,1,6,9,2
2024-03-21,1301,1,3,5,6
2024-03-22,1302,2,5,9,2
2024-03-22,1303,2,6,1,1
2024-03-22,1304,4,7,9,2
2024-03-23,1305,4,3,9,2
2024-03-23,1306,1,7,5,6
2024-03-23,1307,1,5,8,3
2024-03-23,1308,4,6,9,2
2024-03-24,1309,4,5,2,6
2024-03-24,1310,3,2,1,1
2024-03-24,1311,1,1,5,6
2024-03-25,1312,3,4,1,1
2024-03-25,1313,2,4,9,2
2024-03-25,1314,3,8,4,1
2024-03-25,1315,2,4,5,6
2024-03-26,1316,3,1,1,1
2024-03-26,1317,1,4,8,3
2024-03-26,1318,2,7,10,1
2024-03-27,1319,1,3,9,2
2024-03-27,1320,3,6,7,4
2024-03-28,1321,1,2,3,7
2024-03-28,1322,1,4,7,4
2024-03-28,1323,4,8,2,6
2024-03-28,1324,4,5,6,5
2024-03-29,1325,4,5,5,6
2024-03-29,1326,2,4,3,7
2024-03-29,1327,2,6,10,1
2024-03-29,1328,2,7,7,4
2024-03-30,1329,1,3,9,2
2024-03-30,1330,3,7,8,3
2024-03-30,1331,2,3,3,7
2024-03-30,1332,1,2,10,1
2024-03-31,1333,1,1,10,1
2024-03-31,1334,4,5,9,2
2024-04-01,1335,1,7,4,1
2024-04-01,1336,1,6,4,1
2024-04-02,1337,4,7,4,1
2024-04-02,1338,2,2,7,4
2024-04-02,1339,4,1,8,3
2024-04-02,1340,2,5,1,1
2024-04-03,1341,2,5,10,1
2024-04-03,1342,1,2,1,1
2024-04-03,1343,4,3,8,3
2024-04-03,1344,1,8,9,2
2024-04-04,1345,1,8,1,1
2024-04-04,1346,2,5,4,1
2024-04-04,1347,4,4,9,2
2024-04-04,1348,1,1,10,1
2024-04-05,1349,3,3,1,1
2024-04-05,1350,2,4,3,7
2024-04-05,1351,3,2,8,3
2024-04-05,1352,4,2,8,3
2024-04-06,1353,2,6,5,6
2024-04-06,1354,4,8,3,7
2024-04-07,1355,1,2,2,6
2024-04-07,1356,3,7,6,5
2024-04-07,1357,2,6,10,1
2024-04-08,1358,4,4,3,7
2024-04-08,1359,4,8,5,6
2024-04-08,1360,1,4,4,1
2024-04-09,1361,4,3,9,2
2024-04-09,1362,4,7,2,6
2024-04-09,1363,4,7,3,7
2024-04-10,1364,1,6,10,1
2024-04-10,1365,3,1,1,1
2024-04-11,1366,4,2,3,7
2024-04-11,1367,4,6,10,1
2024-04-11,1368,1,2,8,3
2024-04-11,1369,4,2,7,4
2024-04-12,1370,3,8,1,1
2024-04-12,1371,1,7,2,6
2024-04-13,1372,4,7,5,6
2024-04-13,1373,2,3,1,1
2024-04-13,1374,2,6,1,1
2024-04-13,1375,4,7,7,4
2024-04-14,1376,2,5,3,7
2024-04-14,1377,4,2,8,3
2024-04-15,1378,4,4,7,4
2024-04-15,1379,4,2,8,3
2024-04-15,1380,2,8,9,2
2024-04-15,1381,4,2,3,7
2024-04-16,1382,4,8,3,7
2024-04-16,1383,2,3,8,3
2024-04-16,1384,1,6,5,6
2024-04-16,1385,2,6,3,7
2024-04-17,1386,1,7,3,7
2024-04-17,1387,2,5,6,5
2024-04-18,1388,1,8,10,1
2024-04-18,1389,3,1,5,6
2024-04-18,1390,2,4,3,7
2024-04-19,1391,4,5,7,4
2024-04-19,1392,4,5,2,6
2024-04-20,1393,1,1,7,4
2024-04-20,1394,3,6,8,3
2024-04-20,1395,2,5,7,4
2024-04-21,1396,4,4,9,2
2024-04-21,1397,2,5,10,1
2024-04-22,1398,3,1,4,1
2024-04-22,1399,3,7,8,3
2024-04-23,1400,2,4,4,1
2024-04-23,1401,4,7,9,2
2024-04-23,1402,1,7,7,4
2024-04-23,1403,2,6,4,1
2024-04-24,1404,4,1,2,6
2024-04-24,1405,2,4,3,7
2024-04-24,1406,2,2,3,7
2024-04-25,1407,4,5,9,2
2024-04-25,1408,4,1,7,4
2024-04-25,1409,2,7,4,1
2024-04-25,1410,4,2,3,7
2024-04-26,1411,4,4,10,1
2024-04-26,1412,1,1,10,1
2024-04-26,1413,4,6,3,7
2024-04-27,1414,3,3,10,1
2024-04-27,1415,4,3,6,5
2024-04-27,1416,3,1,9,2
2024-04-28,1417,3,2,6,5
2024-04-28,1418,3,7,10,1
2024-04-28,1419,3,6,5,6
2024-04-29,1420,4,7,10,1
2024-04-29,1421,1,5,9,2
2024-04-30,1422,2,4,2,6
2024-04-30,1423,3,3,3,7
2024-04-30,1424,4,8,5,6
2024-04-30,1425,2,3,4,1
2024-05-01,1426,1,1,1,1
2024-05-01,1427,4,8,3,7
2024-05-01,1428,1,4,2,6
2024-05-02,1429,4,2,7,4
2024-05-02,1430,4,2,7,4
2024-05-02,1431,2,3,4,1
2024-05-02,1432,4,8,2,6
2024-05-03,1433,4,6,9,2
2024-05-03,1434,4,8,6,5
2024-05-03,1435,1,8,8,3
2024-05-03,1436,3,3,6,5
2024-05-04,1437,4,8,6,5
2024-05-04,1438,1,6,1,1
2024-05-04,1439,1,7,2,6
2024-05-05,1440,1,4,6,5
2024-05-05,1441,1,6,7,4
2024-05-05,1442,1,6,10,1
2024-05-05,1443,3,3,10,1
2024-05-06,1444,2,4,8,3
2024-05-06,1445,4,7,1,1
2024-05-06,1446,3,2,1,1
2024-05-06,1447,2,8,2,6
2024-05-07,1448,4,1,5,6
2024-05-07,1449,2,4,8,3
2024-05-08,1450,1,7,6,5
2024-05-08,1451,4,4,1,1
2024-05-08,1452,2,3,6,5
2024-05-09,1453,4,3,1,1
2024-05-09,1454,2,5,4,1
2024-05-09,1455,2,6,4,1
2024-05-10,1456,4,4,6,5
2024-05-10,1457,2,4,5,6
2024-05-10,1458,3,6,8,3
2024-05-11,1459,2,3,8,3
2024-05-11,1460,1,4,7,4
2024-05-11,1461,2,1,8,3
2024-05-12,1462,3,7,8,3
2024-05-12,1463,1,5,9,2
2024-05-13,1464,1,8,5,6
2024-05-13,1465,4,6,2,6
2024-05-13,1466,1,8,4,1
2024-05-13,1467,3,5,8,3
2024-05-14,1468,3,3,7,4
2024-05-14,1469,4,3,5,6
2024-05-15,1470,2,6,1,1
2024-05-15,1471,1,7,6,5
2024-05-15,1472,4,7,7,4
2024-05-15,1473,4,4,3,7
2024-05-16,1474,2,3,10,1
2024-05-16,1475,3,5,1,1
2024-05-16,1476,3,8,7,4
2024-05-17,1477,2,8,6,5
2024-05-17,1478,1,3,8,3
2024-05-17,1479,4,3,5,6
2024-05-18,1480,2,2,3,7
2024-05-18,1481,2,6,1,1
2024-05-18,1482,4,8,8,3
2024-05-19,1483,1,8,7,4
2024-05-19,1484,3,7,10,1
2024-05-19,1485,1,4,10,1
2024-05-19,1486,2,7,1,1
2024-05-20,1487,2,6,5,6
2024-05-20,1488,4,3,5,6
2024-05-20,1489,1,8,6,5
2024-05-20,1490,1,2,8,3
2024-05-21,1491,3,7,2,6
2024-05-21,1492,2,4,10,1
2024-05-22,1493,3,6,4,1
2024-05-22,1494,1,1,6,5
2024-05-23,1495,1,6,8,3
2024-05-23,1496,1,8,7,4
2024-05-23,1497,1,8,4,1
2024-05-24,1498,2,2,3,7
2024-05-24,1499,2,3,9,2
2024-05-25,1500,2,8,5,6
2024-05-25,1501,2,8,10,1
2024-05-25,1502,4,4,3,7
2024-05-25,1503,3,1,5,6
2024-05-26,1504,4,3,10,1
2024-05-26,1505,3,1,4,1
2024-05-26,1506,2,7,9,2
2024-05-26,1507,4,2,9,2
2024-05-27,1508,1,4,10,1
2024-05-27,1509,2,1,6,5
2024-05-27,1510,2,1,8,3
2024-05-27,1511,2,6,8,3
2024-05-28,1512,1,4,5,6
2024-05-28,1513,3,2,5,6
2024-05-28,1514,2,8,10,1
2024-05-28,1515,2,3,8,3
2024-05-29,1516,2,7,8,3
2024-05-29,1517,4,6,2,6
2024-05-29,1518,4,6,3,7
2024-05-29,1519,3,2,3,7
2024-05-30,1520,2,2,8,3
2024-05-30,1521,3,1,8,3
2024-05-30,1522,2,4,6,5
2024-05-30,1523,1,7,1,1
2024-05-31,1524,4,4,2,6
2024-05-31,1525,3,2,7,4
2024-05-31,1526,1,2,8,3
2024-05-31,1527,3,1,3,7
2024-06-01,1528,3,1,10,1
2024-06-01,1529,4,1,8,3
2024-06-01,1530,2,8,10,1
2024-06-02,1531,3,5,2,6
2024-06-02,1532,2,7,8,3
2024-06-02,1533,2,6,5,6
2024-06-03,1534,2,3,3,7
2024-06-03,1535,2,3,6,5
2024-06-03,1536,2,6,10,1
2024-06-04,1537,3,1,2,6
2024-06-04,1538,4,5,10,1
2024-06-05,1539,3,7,2,6
2024-06-05,1540,1,7,4,1
2024-06-05,1541,3,5,10,1
2024-06-06,1542,1,8,10,1
2024-06-06,1543,3,3,5,6
2024-06-06,1544,4,5,8,3
2024-06-06,1545,2,8,10,1
2024-06-07,1546,3,7,3,7
2024-06-07,1547,1,3,9,2
2024-06-08,1548,1,2,3,7
2024-06-08,1549,4,7,7,4
2024-06-08,1550,3,3,7,4
2024-06-08,1551,2,7,10,1
2024-06-09,1552,2,6,2,6
2024-06-09,1553,1,5,1,1
2024-06-10,1554,1,2,8,3
2024-06-10,1555,1,7,10,1
2024-06-10,1556,1,6,4,1
2024-06-11,1557,3,8,5,6
2024-06-11,1558,3,5,7,4
2024-06-12,1559,4,8,8,3
2024-06-12,1560,1,6,7,4
2024-06-12,1561,1,7,8,3
2024-06-12,1562,4,7,2,6
2024-06-13,1563,1,8,7,4
2024-06-13,1564,4,1,4,1
2024-06-13,1565,4,2,3,7
2024-06-13,1566,1,3,9,2
2024-06-14,1567,1,1,2,6
2024-06-14,1568,1,4,10,1
2024-06-14,1569,4,6,7,4
2024-06-14,1570,1,6,3,7
2024-06-15,1571,2,3,4,1
2024-06-15,1572,4,5,1,1
2024-06-16,1573,2,4,8,3
2024-06-16,1574,2,2,3,7
2024-06-17,1575,4,2,8,3
2024-06-17,1576,3,1,3,7
2024-06-17,1577,3,4,9,2
2024-06-17,1578,3,4,7,4
2024-06-18,1579,2,1,5,6
2024-06-18,1580,3,6,10,1
2024-06-18,1581,3,6,9,2
2024-06-18,1582,4,7,10,1
2024-06-19,1583,3,5,1,1
2024-06-19,1584,1,3,5,6
2024-06-19,1585,3,7,5,6
2024-06-19,1586,3,4,5,6
2024-06-20,1587,3,8,9,2
2024-06-20,1588,2,6,5,6
2024-06-21,1589,3,2,5,6
2024-06-21,1590,3,3,6,5
2024-06-21,1591,3,1,7,4
2024-06-21,1592,1,1,6,5
2024-06-22,1593,3,5,9,2
2024-06-22,1594,2,5,2,6
2024-06-23,1595,1,5,2,6
2024-06-23,1596,3,7,5,6
2024-06-23,1597,2,6,4,1
2024-06-24,1598,2,5,2,6
2024-06-24,1599,4,1,4,1
2024-06-24,1600,3,7,6,5
2024-06-25,1601,1,4,5,6
2024-06-25,1602,2,2,1,1
2024-06-25,1603,2,2,7,4
2024-06-26,1604,2,1,4,1
2024-06-26,1605,1,5,8,3
2024-06-26,1606,4,7,1,1
2024-06-27,1607,4,6,3,7
2024-06-27,1608,2,3,8,3
2024-06-27,1609,3,4,8,3
2024-06-28,1610,2,8,6,5
2024-06-28,1611,2,8,5,6
2024-06-28,1612,1,3,7,4
2024-06-28,1613,2,1,3,7
2024-06-29,1614,1,4,9,2
2024-06-29,1615,3,6,10,1
2024-06-30,1616,3,7,4,1
2024-06-30,1617,3,1,2,6
2024-06-30,1618,2,4,4,1
2024-07-01,1619,1,5,4,1
2024-07-01,1620,1,3,6,5
2024-07-02,1621,4,6,8,3
2024-07-02,1622,1,2,7,4
2024-07-02,1623,4,6,2,6
2024-07-03,1624,4,2,10,1
2024-07-03,1625,2,8,2,6
2024-07-03,1626,1,8,3,7
2024-07-04,1627,1,1,9,2
2024-07-04,1628,1,3,6,5
2024-07-05,1629,1,4,9,2
2024-07-05,1630,1,7,10,1
2024-07-05,1631,2,4,7,4
2024-07-05,1632,1,3,5,6
2024-07-06,1633,4,6,10,1
2024-07-06,1634,1,8,10,1
2024-07-06,1635,1,4,3,7
2024-07-06,1636,1,5,8,3
2024-07-07,1637,3,8,9,2
2024-07-07,1638,3,6,3,7
2024-07-07,1639,4,3,7,4
2024-07-07,1640,3,7,4,1
2024-07-08,1641,3,4,4,1
2024-07-08,1642,4,8,5,6
2024-07-08,1643,4,2,8,3
2024-07-08,1644,3,1,8,3
2024-07-09,1645,4,8,4,1
2024-07-09,1646,4,4,9,2
2024-07-09,1647,3,2,7,4
2024-07-10,1648,4,6,10,1
2024-07-10,1649,4,3,1,1
2024-07-10,1650,3,2,8,3
2024-07-11,1651,4,8,5,6
2024-07-11,1652,2,3,1,1
2024-07-11,1653,1,1,1,1
2024-07-11,1654,4,6,10,1
2024-07-12,1655,4,3,3,7
2024-07-12,1656,2,7,6,5
2024-07-13,1657,2,3,9,2
2024-07-13,1658,1,7,5,6
2024-07-13,1659,1,7,7,4
2024-07-14,1660,2,1,5,6
2024-07-14,1661,2,7,5,6
2024-07-15,1662,1,1,5,6
2024-07-15,1663,3,3,7,4
2024-07-15,1664,2,7,5,6
2024-07-15,1665,2,8,2,6
2024-07-16,1666,3,4,2,6
2024-07-16,1667,2,3,3,7
2024-07-17,1668,3,2,1,1
2024-07-17,1669,3,4,7,4
2024-07-17,1670,1,6,5,6
2024-07-18,1671,4,4,1,1
2024-07-18,1672,1,2,8,3
2024-07-18,1673,4,2,9,2
2024-07-19,1674,1,8,1,1
2024-07-19,1675,2,1,5,6
2024-07-19,1676,3,3,9,2
2024-07-19,1677,2,8,10,1
2024-07-20,1678,4,5,3,7
2024-07-20,1679,2,8,4,1
2024-07-20,1680,1,2,7,4
2024-07-21,1681,3,8,4,1
2024-07-21,1682,4,3,8,3
2024-07-21,1683,1,2,6,5
2024-07-22,1684,2,6,6,5
2024-07-22,1685,4,8,3,7
2024-07-22,1686,2,8,10,1
2024-07-22,1687,4,2,2,6
2024-07-23,1688,4,2,2,6
2024-07-23,1689,3,2,2,6
2024-07-23,1690,3,7,8,3
2024-07-24,1691,3,4,8,3
2024-07-24,1692,2,4,4,1
2024-07-25,1693,4,4,2,6
2024-07-25,1694,1,4,7,4
2024-07-25,1695,1,2,3,7
2024-07-25,1696,4,5,8,3
2024-07-26,1697,2,2,3,7
2024-07-26,1698,1,6,5,6
2024-07-27,1699,2,2,1,1
2024-07-27,1700,3,1,9,2
2024-07-28,1701,1,5,8,3
2024-07-28,1702,1,5,9,2
2024-07-29,1703,4,8,10,1
2024-07-29,1704,2,1,4,1
2024-07-29,1705,4,7,2,6
2024-07-30,1706,4,7,5,6
2024-07-30,1707,2,1,1,1
2024-07-30,1708,4,5,7,4
2024-07-30,1709,3,3,6,5
2024-07-31,1710,1,2,9,2
2024-07-31,1711,4,3,5,6
2024-07-31,1712,4,6,7,4
2024-07-31,1713,4,7,8,3
2024-08-01,1714,4,8,5,6
2024-08-01,1715,1,2,8,3
2024-08-02,1716,2,7,6,5
2024-08-02,1717,3,3,4,1
2024-08-02,1718,1,1,7,4
2024-08-02,1719,3,8,9,2
2024-08-03,1720,4,8,9,2
2024-08-03,1721,4,3,3,7
2024-08-04,1722,2,5,10,1
2024-08-04,1723,2,1,6,5
2024-08-04,1724,3,8,7,4
2024-08-05,1725,4,8,5,6
2024-08-05,1726,4,8,2,6
2024-08-05,1727,1,1,10,1
2024-08-05,1728,2,7,5,6
2024-08-06,1729,3,5,4,1
2024-08-06,1730,2,1,1,1
2024-08-06,1731,1,5,1,1
2024-08-07,1732,1,6,6,5
2024-08-07,1733,1,7,3,7
2024-08-08,1734,1,3,2,6
2024-08-08,1735,2,5,8,3
2024-08-08,1736,4,2,1,1
2024-08-09,1737,4,3,9,2
2024-08-09,1738,4,1,7,4
2024-08-10,1739,3,4,1,1
2024-08-10,1740,3,7,3,7
2024-08-11,1741,1,3,8,3
2024-08-11,1742,2,5,6,5
2024-08-12,1743,3,6,6,5
2024-08-12,1744,4,4,3,7
2024-08-12,1745,2,1,6,5
2024-08-13,1746,3,7,7,4
2024-08-13,1747,2,5,10,1
2024-08-14,1748,2,6,5,6
2024-08-14,1749,3,4,3,7
2024-08-15,1750,1,6,8,3
2024-08-15,1751,1,5,5,6
2024-08-15,1752,3,7,8,3
2024-08-15,1753,2,8,4,1
2024-08-16,1754,2,1,3,7
2024-08-16,1755,3,5,6,5
2024-08-16,1756,3,7,8,3
2024-08-17,1757,1,5,4,1
2024-08-17,1758,3,2,3,7
2024-08-17,1759,4,4,10,1
2024-08-18,1760,2,6,2,6
2024-08-18,1761,3,1,5,6
2024-08-19,1762,2,6,7,4
2024-08-19,1763,1,5,5,6
2024-08-20,1764,2,6,10,1
2024-08-20,1765,1,7,4,1
2024-08-20,1766,1,2,6,5
2024-08-21,1767,2,8,8,3
2024-08-21,1768,1,1,9,2
2024-08-21,1769,3,8,8,3
2024-08-21,1770,3,4,6,5
2024-08-22,1771,1,2,1,1
2024-08-22,1772,2,5,9,2
2024-08-23,1773,4,6,2,6
2024-08-23,1774,2,1,1,1
2024-08-23,1775,3,1,8,3
2024-08-24,1776,2,5,10,1
2024-08-24,1777,4,3,2,6
2024-08-24,1778,2,1,7,4
2024-08-25,1779,4,8,10,1
2024-08-25,1780,3,4,1,1
2024-08-26,1781,3,2,2,6
2024-08-26,1782,2,5,2,6
2024-08-27,1783,1,2,9,2
2024-08-27,1784,1,1,9,2
2024-08-27,1785,3,6,6,5
2024-08-27,1786,1,1,8,3
2024-08-28,1787,4,5,8,3
2024-08-28,1788,2,3,1,1
2024-08-28,1789,1,7,1,1
2024-08-29,1790,2,1,5,6
2024-08-29,1791,2,3,3,7
2024-08-29,1792,1,7,5,6
2024-08-29,1793,3,8,8,3
2024-08-30,1794,1,8,8,3
2024-08-30,1795,4,8,5,6
2024-08-30,1796,2,4,5,6
2024-08-30,1797,2,3,4,1
2024-08-31,1798,2,5,4,1
2024-08-31,1799,4,4,6,5
2024-09-01,1800,4,2,2,6
2024-09-01,1801,1,7,7,4
2024-09-01,1802,4,1,1,1
2024-09-02,1803,4,6,9,2
2024-09-02,1804,3,1,10,1
2024-09-02,1805,4,1,5,6
2024-09-03,1806,4,7,3,7
2024-09-03,1807,1,5,6,5
2024-09-03,1808,2,2,2,6
2024-09-03,1809,4,8,10,1
2024-09-04,1810,3,3,10,1
2024-09-04,1811,4,6,8,3
2024-09-05,1812,4,8,10,1
2024-09-05,1813,4,4,8,3
2024-09-05,1814,2,8,4,1
2024-09-05,1815,2,7,4,1
2024-09-06,1816,1,7,6,5
2024-09-06,1817,3,5,9,2
2024-09-06,1818,3,7,9,2
2024-09-07,1819,4,5,10,1
2024-09-07,1820,2,2,9,2
2024-09-07,1821,4,6,2,6
2024-09-08,1822,4,1,5,6
2024-09-08,1823,2,4,3,7
2024-09-08,1824,2,8,3,7
2024-09-08,1825,1,8,10,1
2024-09-09,1826,4,4,5,6
2024-09-09,1827,2,2,3,7
2024-09-09,1828,4,3,7,4
2024-09-10,1829,4,4,7,4
2024-09-10,1830,1,5,5,6
2024-09-10,1831,2,6,7,4
2024-09-10,1832,1,8,6,5
2024-09-11,1833,2,1,2,6
2024-09-11,1834,3,7,6,5
2024-09-12,1835,3,1,4,1
2024-09-12,1836,4,6,8,3
2024-09-13,1837,2,1,4,1
2024-09-13,1838,3,8,9,2
2024-09-13,1839,2,2,4,1
2024-09-13,1840,4,2,7,4
2024-09-14,1841,2,5,4,1
2024-09-14,1842,4,1,7,4
2024-09-15,1843,2,7,3,7
2024-09-15,1844,3,3,7,4
2024-09-15,1845,2,3,9,2
2024-09-15,1846,2,7,5,6
2024-09-16,1847,4,8,10,1
2024-09-16,1848,2,7,3,7
2024-09-16,1849,2,6,8,3
2024-09-17,1850,3,8,8,3
2024-09-17,1851,2,3,6,5
2024-09-18,1852,4,3,1,1
2024-09-18,1853,1,8,1,1
2024-09-18,1854,2,4,10,1
2024-09-18,1855,4,8,7,4
2024-09-19,1856,1,8,1,1
2024-09-19,1857,1,7,2,6
2024-09-19,1858,1,7,2,6
2024-09-19,1859,1,5,8,3
2024-09-20,1860,1,5,10,1
2024-09-20,1861,3,3,8,3
2024-09-20,1862,3,1,2,6
2024-09-21,1863,3,4,4,1
2024-09-21,1864,4,7,4,1
2024-09-21,1865,3,2,7,4
2024-09-21,1866,4,5,9,2
2024-09-22,1867,2,5,2,6
2024-09-22,1868,4,5,2,6
2024-09-22,1869,4,6,4,1
2024-09-23,1870,2,5,6,5
2024-09-23,1871,2,4,1,1
2024-09-23,1872,4,8,7,4
2024-09-24,1873,3,4,4,1
2024-09-24,1874,4,6,5,6
2024-09-24,1875,1,2,8,3
2024-09-25,1876,1,6,7,4
2024-09-25,1877,3,3,10,1
2024-09-26,1878,1,1,6,5
2024-09-26,1879,1,3,8,3
2024-09-27,1880,3,6,7,4
2024-09-27,1881,4,2,6,5
2024-09-27,1882,3,3,4,1
2024-09-27,1883,3,2,1,1
2024-09-28,1884,2,3,6,5
2024-09-28,1885,3,5,3,7
2024-09-29,1886,4,3,7,4
2024-09-29,1887,4,6,6,5
2024-09-29,1888,4,7,5,6
2024-09-29,1889,4,6,4,1
2024-09-30,1890,1,7,3,7
2024-09-30,1891,3,2,10,1
2024-09-30,1892,3,8,1,1
2024-09-30,1893,4,6,8,3
2024-10-01,1894,3,1,2,6
2024-10-01,1895,2,2,6,5
2024-10-02,1896,2,3,9,2
2024-10-02,1897,2,3,9,2
2024-10-03,1898,1,8,8,3
2024-10-03,1899,4,3,7,4
2024-10-03,1900,2,3,10,1
2024-10-03,1901,4,6,7,4
2024-10-04,1902,1,8,1,1
2024-10-04,1903,4,6,7,4
2024-10-05,1904,2,1,7,4
2024-10-05,1905,2,7,2,6
2024-10-05,1906,2,4,5,6
2024-10-06,1907,2,6,10,1
2024-10-06,1908,1,5,3,7
2024-10-07,1909,4,3,9,2
2024-10-07,1910,4,6,6,5
2024-10-07,1911,3,3,4,1
2024-10-07,1912,4,7,3,7
2024-10-08,1913,4,7,2,6
2024-10-08,1914,1,2,5,6
2024-10-08,1915,1,6,1,1
2024-10-08,1916,1,4,6,5
2024-10-09,1917,4,1,7,4
2024-10-09,1918,2,4,7,4
2024-10-10,1919,3,1,8,3
2024-10-10,1920,2,3,10,1
2024-10-10,1921,3,1,5,6
2024-10-11,1922,4,6,1,1
2024-10-11,1923,1,8,6,5
2024-10-11,1924,1,5,9,2
2024-10-11,1925,1,3,8,3
2024-10-12,1926,4,1,6,5
2024-10-12,1927,3,1,8,3
2024-10-13,1928,3,6,3,7
2024-10-13,1929,2,1,1,1
2024-10-14,1930,2,8,1,1
2024-10-14,1931,4,6,5,6
2024-10-14,1932,3,5,3,7
2024-10-15,1933,3,6,3,7
2024-10-15,1934,3,4,8,3
2024-10-15,1935,1,6,7,4
2024-10-16,1936,4,7,2,6
2024-10-16,1937,4,5,9,2
2024-10-16,1938,4,5,6,5
2024-10-16,1939,1,1,4,1
2024-10-17,1940,1,6,1,1
2024-10-17,1941,4,6,9,2
2024-10-17,1942,2,2,10,1
2024-10-18,1943,4,2,7,4
2024-10-18,1944,4,2,1,1
2024-10-18,1945,4,3,7,4
2024-10-19,1946,1,7,9,2
2024-10-19,1947,3,8,3,7
2024-10-19,1948,1,2,3,7
2024-10-20,1949,3,8,2,6
2024-10-20,1950,2,1,1,1
2024-10-21,1951,3,3,2,6
2024-10-21,1952,4,3,6,5
2024-10-22,1953,4,3,1,1
2024-10-22,1954,3,1,5,6
2024-10-23,1955,4,7,8,3
2024-10-23,1956,4,3,1,1
2024-10-23,1957,3,4,7,4
2024-10-24,1958,1,5,1,1
2024-10-24,1959,2,6,3,7
2024-10-25,1960,4,6,8,3
2024-10-25,1961,1,5,10,1
2024-10-26,1962,3,6,2,6
2024-10-26,1963,2,3,8,3
2024-10-26,1964,2,1,10,1
2024-10-26,1965,1,3,6,5
2024-10-27,1966,4,3,6,5
2024-10-27,1967,2,8,7,4
2024-10-27,1968,2,4,7,4
2024-10-28,1969,2,5,5,6
2024-10-28,1970,1,6,7,4
2024-10-28,1971,2,8,6,5
2024-10-28,1972,2,6,4,1
2024-10-29,1973,3,6,4,1
2024-10-29,1974,1,6,8,3
2024-10-30,1975,4,7,5,6
2024-10-30,1976,1,1,10,1
2024-10-30,1977,3,2,5,6
2024-10-30,1978,3,3,10,1
2024-10-31,1979,1,6,7,4
2024-10-31,1980,2,1,10,1
2024-10-31,1981,4,6,10,1
2024-11-01,1982,2,7,8,3
2024-11-01,1983,1,2,5,6
2024-11-01,1984,1,6,7,4
2024-11-02,1985,2,2,9,2
2024-11-02,1986,3,5,4,1
2024-11-03,1987,3,8,5,6
2024-11-03,1988,4,6,8,3
2024-11-03,1989,4,1,2,6
2024-11-04,1990,3,5,1,1
2024-11-04,1991,4,5,8,3
2024-11-04,1992,3,2,7,4
2024-11-05,1993,2,7,5,6
2024-11-05,1994,1,3,10,1
2024-11-05,1995,3,3,9,2
2024-11-06,1996,2,4,1,1
2024-11-06,1997,2,1,2,6
2024-11-06,1998,3,3,7,4
2024-11-07,1999,2,2,2,6
2024-11-07,2000,3,8,8,3
2024-11-07,2001,2,5,2,6
2024-11-08,2002,3,4,9,2
2024-11-08,2003,4,2,1,1
2024-11-08,2004,2,4,6,5
2024-11-09,2005,4,4,3,7
2024-11-09,2006,4,8,8,3
2024-11-10,2007,4,6,9,2
2024-11-10,2008,3,7,2,6
2024-11-10,2009,3,3,10,1
2024-11-11,2010,2,6,10,1
2024-11-11,2011,1,4,8,3
2024-11-11,2012,1,2,1,1
2024-11-11,2013,1,5,8,3
2024-11-12,2014,3,3,5,6
2024-11-12,2015,3,8,5,6
2024-11-12,2016,1,4,7,4
2024-11-12,2017,3,8,10,1
2024-11-13,2018,4,8,10,1
2024-11-13,2019,3,5,7,4
2024-11-13,2020,2,2,7,4
2024-11-13,2021,4,7,8,3
2024-11-14,2022,3,5,8,3
2024-11-14,2023,3,7,6,5
2024-11-14,2024,1,4,6,5
2024-11-15,2025,3,1,9,2
2024-11-15,2026,1,2,6,5
2024-11-15,2027,1,1,4,1
2024-11-15,2028,4,4,5,6
2024-11-16,2029,4,5,1,1
2024-11-16,2030,3,2,1,1
2024-11-17,2031,1,8,6,5
2024-11-17,2032,4,5,8,3
2024-11-17,2033,2,8,9,2
2024-11-18,2034,2,3,9,2
2024-11-18,2035,3,8,5,6
2024-11-19,2036,4,1,10,1
2024-11-19,2037,2,7,9,2
2024-11-20,2038,4,1,3,7
2024-11-20,2039,2,3,8,3
2024-11-21,2040,3,6,4,1
2024-11-21,2041,1,3,6,5
2024-11-21,2042,2,1,2,6
2024-11-21,2043,2,8,7,4
2024-11-22,2044,2,5,10,1
2024-11-22,2045,4,6,4,1
2024-11-23,2046,4,5,7,4
2024-11-23,2047,4,6,3,7
2024-11-23,2048,4,4,8,3
2024-11-23,2049,4,4,9,2
2024-11-24,2050,4,4,9,2
2024-11-24,2051,1,4,8,3
2024-11-24,2052,2,1,4,1
2024-11-24,2053,1,5,4,1
2024-11-25,2054,3,2,3,7
2024-11-25,2055,2,3,8,3
2024-11-25,2056,2,8,10,1
2024-11-26,2057,2,1,9,2
2024-11-26,2058,4,1,4,1
2024-11-26,2059,1,8,4,1
2024-11-26,2060,4,4,8,3
2024-11-27,2061,1,3,9,2
2024-11-27,2062,1,6,8,3
2024-11-27,2063,3,7,1,1
2024-11-27,2064,2,6,8,3
2024-11-28,2065,1,3,6,5
2024-11-28,2066,1,6,8,3
2024-11-29,2067,3,5,6,5
2024-11-29,2068,2,3,7,4
2024-11-29,2069,3,6,4,1
2024-11-29,2070,2,1,5,6
2024-11-30,2071,4,8,4,1
2024-11-30,2072,4,4,3,7
2024-11-30,2073,2,7,9,2
2024-12-01,2074,2,6,3,7
2024-12-01,2075,1,4,7,4
2024-12-01,2076,3,4,7,4
2024-12-01,2077,2,7,3,7
2024-12-02,2078,1,7,3,7
2024-12-02,2079,1,1,5,6
2024-12-02,2080,3,8,8,3
2024-12-02,2081,1,2,4,1
2024-12-03,2082,4,7,4,1
2024-12-03,2083,2,2,3,7
2024-12-03,2084,1,7,8,3
2024-12-03,2085,4,8,9,2
2024-12-04,2086,2,5,10,1
2024-12-04,2087,3,7,9,2
2024-12-05,2088,2,8,10,1
2024-12-05,2089,2,4,10,1
2024-12-06,2090,1,4,7,4
2024-12-06,2091,1,5,5,6
2024-12-06,2092,3,5,8,3
2024-12-06,2093,4,1,4,1
2024-12-07,2094,1,1,2,6
2024-12-07,2095,4,7,4,1
2024-12-07,2096,4,2,6,5
2024-12-08,2097,2,7,7,4
2024-12-08,2098,4,8,1,1
2024-12-08,2099,4,7,2,6
2024-12-08,2100,2,4,8,3
2024-12-09,2101,3,2,6,5
2024-12-09,2102,3,3,9,2
2024-12-09,2103,3,7,1,1
2024-12-09,2104,4,5,10,1
2024-12-10,2105,2,2,8,3
2024-12-10,2106,4,4,10,1
2024-12-11,2107,3,8,4,1
2024-12-11,2108,1,8,1,1
2024-12-11,2109,1,1,9,2
2024-12-12,2110,3,5,7,4
2024-12-12,2111,2,1,1,1
2024-12-12,2112,3,2,7,4
2024-12-13,2113,1,4,2,6
2024-12-13,2114,4,7,8,3
2024-12-13,2115,3,8,2,6
2024-12-14,2116,2,4,1,1
2024-12-14,2117,1,8,10,1
2024-12-14,2118,2,6,7,4
2024-12-14,2119,2,5,1,1
2024-12-15,2120,4,2,9,2
2024-12-15,2121,1,1,4,1
2024-12-15,2122,1,3,7,4
2024-12-16,2123,4,6,7,4
2024-12-16,2124,4,5,6,5
2024-12-17,2125,3,1,5,6
2024-12-17,2126,2,3,7,4
2024-12-17,2127,3,1,2,6
2024-12-18,2128,3,5,1,1
2024-12-18,2129,1,6,1,1
2024-12-19,2130,4,3,10,1
2024-12-19,2131,4,5,4,1
2024-12-20,2132,2,1,10,1
2024-12-20,2133,1,7,7,4
2024-12-20,2134,4,6,10,1
2024-12-21,2135,3,6,1,1
2024-12-21,2136,1,5,10,1
2024-12-22,2137,2,6,6,5
2024-12-22,2138,3,2,3,7
2024-12-22,2139,3,3,3,7
2024-12-22,2140,2,3,10,1
2024-12-23,2141,2,4,10,1
2024-12-23,2142,4,3,6,5
2024-12-24,2143,4,6,8,3
2024-12-24,2144,4,8,9,2
2024-12-24,2145,3,6,6,5
2024-12-25,2146,3,2,9,2
2024-12-25,2147,4,8,5,6
2024-12-25,2148,4,3,3,7
2024-12-26,2149,2,4,4,1
2024-12-26,2150,2,4,9,2
2024-12-26,2151,4,2,10,1
2024-12-26,2152,1,3,1,1
2024-12-27,2153,4,8,3,7
2024-12-27,2154,2,6,8,3
2024-12-28,2155,1,8,2,6
2024-12-28,2156,4,2,3,7
2024-12-28,2157,2,4,4,1
2024-12-28,2158,4,8,5,6
2024-12-29,2159,4,8,8,3
2024-12-29,2160,2,3,5,6
2024-12-30,2161,4,2,4,1
2024-12-30,2162,4,2,8,3
2024-12-30,2163,4,3,4,1
2024-12-30,2164,1,4,2,6
2024-12-31,2165,2,6,7,4
2024-12-31,2166,4,2,2,6
